alpha,category,n,mae,median_abs_error,p90_abs_error,rmse,mean_signed_error,mean_risk
0.1,abstract_algebra,60.0,0.24358250733333336,0.104012145,0.7819178560000001,0.3635507178957481,0.08133890066666667,0.04256773666666667
0.1,college_mathematics,60.0,0.2860983791666668,0.186566305,0.748585134,0.40110351524490645,0.09292707216666667,0.050287033166666655
0.1,computer_security,60.0,0.20795459833333332,0.12400057499999995,0.31998922700000076,0.3092604280086127,-0.032321738666666676,0.039973975499999995
0.1,high_school_macroeconomics,236.0,0.1428246229237288,0.08861200000000002,0.17313864,0.23590149548887107,-0.03894653343220339,0.02792132148305085
0.1,high_school_physics,96.0,0.2185771870833333,0.104526695,0.6154843,0.3270026871139382,0.00038658479166667437,0.039560041458333334
0.1,machine_learning,72.0,0.2404740934722222,0.10797392500000003,0.8345131299999999,0.37083181099832985,0.044687661805555556,0.035461969861111116
0.1,math_reasoning,796.0,0.1717023015075377,0.07867449500000001,0.41748399999999997,0.2711232444397944,-0.023822174899497485,0.027710329535175878
0.1,philosophy,192.0,0.21552033677083335,0.12525926000000004,0.8591245760000001,0.3333020715365137,0.004887793541666669,0.0343198578125
0.1,professional_psychology,372.0,0.18129632873655915,0.1133635,0.204728192,0.2858902900679027,-0.025314171908602152,0.03368823997311828
0.3,abstract_algebra,60.0,0.24649519333333333,0.11720136999999997,0.753495938,0.35666206614074003,0.08242302033333335,0.0471121915
0.3,college_mathematics,60.0,0.29797500216666667,0.20986517499999996,0.744281115,0.4037508588722879,0.10899795550000001,0.0565020745
0.3,computer_security,60.0,0.21738670249999997,0.14499632,0.31731781900000083,0.3126811606322607,-0.042332282166666665,0.046315185833333335
0.3,high_school_macroeconomics,236.0,0.14827971483050847,0.09660611499999999,0.17439492499999998,0.2414774921800096,-0.04294488211864407,0.03038310262711864
0.3,high_school_physics,96.0,0.22257015052083332,0.10938182500000004,0.59294461,0.33178265615857094,0.008123672187500009,0.04442624322916666
0.3,machine_learning,72.0,0.24512583708333333,0.11533816000000002,0.8340901980000001,0.37288481019969016,0.043365262916666675,0.04137067222222222
0.3,math_reasoning,796.0,0.1721200220603015,0.08226975499999994,0.42876611,0.2726294341207207,-0.02180748713567839,0.031176966369346734
0.3,philosophy,192.0,0.22264657322916667,0.130489815,0.8615695630000001,0.33829602688660815,-0.0005177231249999965,0.03981204244791667
0.3,professional_psychology,372.0,0.18804669612903227,0.12072315499999997,0.22455243200000016,0.2900395965693042,-0.030701849193548385,0.0382208204032258
0.5,abstract_algebra,60.0,0.255533654,0.14138730500000005,0.712565896,0.3557235980799166,0.07022287499999999,0.04954590733333333
0.5,college_mathematics,60.0,0.30537890100000004,0.21066965000000004,0.743785435,0.4073863787046386,0.10675898899999998,0.06410775883333333
0.5,computer_security,60.0,0.22735196816666667,0.169565535,0.3603971070000007,0.31983613025170554,-0.05107776683333333,0.050452100500000006
0.5,high_school_macroeconomics,236.0,0.15353871343220335,0.10300391000000003,0.18480161500000003,0.24708942901129083,-0.044547611737288134,0.031899977288135595
0.5,high_school_physics,96.0,0.23527866666666666,0.14001924499999996,0.571715835,0.34311177314404595,0.014416397083333332,0.0473444153125
0.5,machine_learning,72.0,0.24994769583333332,0.129671245,0.8353371719999999,0.377691602846223,0.04558804305555555,0.04363250291666667
0.5,math_reasoning,796.0,0.17624581201005027,0.08601372000000002,0.43416725500000003,0.2753416511102673,-0.020683977236180904,0.033368413655778896
0.5,philosophy,192.0,0.22900218369791667,0.13955397499999994,0.8496440620000001,0.3443737644159588,-0.004639088489583334,0.04315708026041667
0.5,professional_psychology,372.0,0.19552303088709677,0.13187211999999998,0.23200664700000015,0.2951344727445338,-0.03623246771505377,0.04141455357526882
0.7,abstract_algebra,60.0,0.26561626583333336,0.17359956499999998,0.717984651,0.35716048302128367,0.054950703499999996,0.051480610499999996
0.7,college_mathematics,60.0,0.31413866100000004,0.24450074000000002,0.748857405,0.4131252399082351,0.09658933133333332,0.06897972633333334
0.7,computer_security,60.0,0.2329624683333333,0.17331804999999995,0.36083173400000074,0.32514725517609183,-0.053819663999999996,0.05142419883333334
0.7,high_school_macroeconomics,236.0,0.16168747669491523,0.10723569500000002,0.205301905,0.2540986524384644,-0.04748377940677965,0.03374129347457627
0.7,high_school_physics,96.0,0.2462781230208333,0.15571180000000007,0.5601481850000001,0.3512612510216698,0.01588809781249999,0.050956663437499994
0.7,machine_learning,72.0,0.25867252416666664,0.130120725,0.8209624639999998,0.3836833896912967,0.04195144416666667,0.04540276986111111
0.7,math_reasoning,796.0,0.1822016545728643,0.09278474000000003,0.445846925,0.27837287919705933,-0.021539813467336685,0.03544202138190955
0.7,philosophy,192.0,0.2337678303125,0.14074428999999994,0.85422083,0.3498503135571898,-0.005821686249999995,0.044915157604166665
0.7,professional_psychology,372.0,0.20050323459677422,0.133657115,0.2608638970000001,0.30007186692849225,-0.037705548413978496,0.0437462826344086
1.0,abstract_algebra,60.0,0.280541663,0.18703139999999996,0.692708372,0.3651411623037513,0.041491547,0.05825526816666668
1.0,college_mathematics,60.0,0.32851368566666667,0.27807172500000005,0.735355678,0.4225283013041921,0.09668029933333333,0.07275440166666665
1.0,computer_security,60.0,0.24117476166666668,0.17224742499999995,0.3989675320000006,0.33580995148186654,-0.056516259333333325,0.05229459150000001
1.0,high_school_macroeconomics,236.0,0.172506791059322,0.11314382500000003,0.24780029500000006,0.26685769790027386,-0.048641766059322036,0.03491876279661017
1.0,high_school_physics,96.0,0.2690280536458333,0.18103606000000005,0.570721915,0.3751866002783911,0.0246458859375,0.0547189346875
1.0,machine_learning,72.0,0.2720717718055556,0.151496275,0.78397938,0.3947884912568207,0.04176486847222222,0.04733060652777778
1.0,math_reasoning,796.0,0.19103334439698494,0.10116529000000002,0.46215349499999997,0.28429328078428784,-0.021840677562814072,0.03750863120603015
1.0,philosophy,192.0,0.24334452755208333,0.149899715,0.8528568670000001,0.360787257000104,-0.00796492598958333,0.04756402552083333
1.0,professional_psychology,372.0,0.20953416720430107,0.141708035,0.3150144170000004,0.3085558730342384,-0.04040688370967742,0.04427886153225806
