alpha,category,n_queries,top1_match_rate,mean_predicted_margin,mean_selected_abs_error,mean_selected_risk,mean_regret,material_failure_rate,mean_pairwise_inversion_rate
0.1,abstract_algebra,15,0.26666666666666666,0.01464129733333334,0.13155333200000002,0.017965753333333334,0.01039299999999999,0.06666666666666667,0.4222222222222222
0.1,college_mathematics,15,0.26666666666666666,0.012275618666666674,0.23562859199999997,0.019045413333333334,0.2106498,0.4666666666666667,0.4444444444444444
0.1,computer_security,15,0.13333333333333333,0.026897663999999998,0.09723662933333334,0.020090218666666666,0.0006709333333333382,0.0,0.5222222222222223
0.1,high_school_macroeconomics,59,0.06779661016949153,0.011394858644067793,0.12393073847457628,0.014890494576271186,0.038307135593220326,0.03389830508474576,0.5254237288135594
0.1,high_school_physics,24,0.375,0.017442926249999994,0.12176897416666665,0.01575389,0.04339820833333332,0.041666666666666664,0.4305555555555555
0.1,machine_learning,18,0.16666666666666666,0.015987251111111107,0.18492828,0.01983369722222222,0.0571575,0.05555555555555555,0.5092592592592592
0.1,math_reasoning,199,0.2663316582914573,0.010684680603015077,0.09438062542713567,0.015452157437185931,0.021206492462311554,0.02512562814070352,0.457286432160804
0.1,philosophy,48,0.0625,0.015476786666666666,0.20476848458333333,0.020328303125,0.12378729166666665,0.125,0.6597222222222222
0.1,professional_psychology,93,0.03225806451612903,0.01037272440860215,0.13883271677419357,0.020067463870967743,0.06946637634408603,0.08602150537634409,0.6935483870967742
0.3,abstract_algebra,15,0.4,0.07314606199999997,0.14177891733333334,0.018198928,0.0032789999999999803,0.0,0.24444444444444444
0.3,college_mathematics,15,0.4666666666666667,0.10134578866666666,0.25611573000000004,0.021886893999999997,0.16355626666666667,0.2,0.36666666666666664
0.3,computer_security,15,0.13333333333333333,0.05752665533333333,0.10221413933333334,0.02122097,0.002012933333333337,0.0,0.3222222222222222
0.3,high_school_macroeconomics,59,0.1016949152542373,0.02372250762711864,0.13088531220338984,0.015559235254237287,0.03977205084745762,0.03389830508474576,0.3135593220338983
0.3,high_school_physics,24,0.375,0.08149883666666667,0.11968755874999999,0.016574339583333333,0.04686099999999999,0.041666666666666664,0.3125
0.3,machine_learning,18,0.16666666666666666,0.04943024555555557,0.18896709055555552,0.021087394444444445,0.060032777777777775,0.05555555555555555,0.3333333333333333
0.3,math_reasoning,199,0.3969849246231156,0.01993298522613065,0.09418889949748743,0.01503925231155779,0.018247959798994975,0.03015075376884422,0.3592964824120603
0.3,philosophy,48,0.16666666666666666,0.022205176458333347,0.24872727479166667,0.030502661458333333,0.13020160416666668,0.125,0.3159722222222222
0.3,professional_psychology,93,0.10752688172043011,0.025356692903225807,0.19174514150537636,0.028037390107526882,0.09934896774193548,0.10752688172043011,0.34408602150537637
0.5,abstract_algebra,15,0.4,0.11368951466666669,0.14469492466666667,0.020589864,0.005465133333333331,0.0,0.25555555555555554
0.5,college_mathematics,15,0.4666666666666667,0.20428970999999999,0.2531136806666667,0.023873654666666667,0.13926033333333335,0.26666666666666666,0.36666666666666664
0.5,computer_security,15,0.13333333333333333,0.06680045133333336,0.10658866666666666,0.022347004,0.003354933333333343,0.0,0.23333333333333334
0.5,high_school_macroeconomics,59,0.13559322033898305,0.03058335796610169,0.13386006576271187,0.0166864093220339,0.03809844067796611,0.03389830508474576,0.24293785310734461
0.5,high_school_physics,24,0.375,0.11732695083333333,0.12024495333333335,0.01878726,0.050323791666666666,0.041666666666666664,0.25
0.5,machine_learning,18,0.16666666666666666,0.06569770777777778,0.19083160277777778,0.02323189388888889,0.0630176111111111,0.1111111111111111,0.2962962962962963
0.5,math_reasoning,199,0.49246231155778897,0.027385267537688444,0.10063130502512563,0.01619423969849246,0.017084120603015077,0.020100502512562814,0.3165829145728643
0.5,philosophy,48,0.2708333333333333,0.025908830000000004,0.25652030666666664,0.03222501895833333,0.1317848125,0.125,0.2222222222222222
0.5,professional_psychology,93,0.0967741935483871,0.027763542043010757,0.22115363967741936,0.02927611677419355,0.12724993548387098,0.12903225806451613,0.27060931899641577
0.7,abstract_algebra,15,0.4,0.1267629293333333,0.14769989200000003,0.017708918,0.0076509999999999955,0.0,0.2222222222222222
0.7,college_mathematics,15,0.4666666666666667,0.23744187399999997,0.24971341000000002,0.021551059333333334,0.11496433333333332,0.26666666666666666,0.3222222222222222
0.7,computer_security,15,0.13333333333333333,0.07017352533333335,0.10729875466666666,0.019659488666666666,0.004696933333333334,0.0,0.23333333333333334
0.7,high_school_macroeconomics,59,0.2711864406779661,0.03477022881355933,0.13942790372881356,0.01821431440677966,0.03874050847457627,0.03389830508474576,0.2033898305084746
0.7,high_school_physics,24,0.375,0.12229319000000001,0.124429685,0.017358786666666667,0.05378666666666667,0.041666666666666664,0.23611111111111108
0.7,machine_learning,18,0.16666666666666666,0.07846948833333334,0.19338502444444444,0.019990710000000002,0.06600255555555558,0.1111111111111111,0.2685185185185185
0.7,math_reasoning,199,0.542713567839196,0.03556687427135678,0.10744386452261306,0.015499437487437187,0.016386271356783916,0.02512562814070352,0.25795644891122277
0.7,philosophy,48,0.25,0.029599416875000006,0.229668055,0.03145192479166666,0.10254847916666666,0.10416666666666667,0.21180555555555555
0.7,professional_psychology,93,0.16129032258064516,0.03317282419354838,0.21350952623655914,0.030172757311827957,0.11459431182795697,0.12903225806451613,0.24014336917562723
1.0,abstract_algebra,15,0.4,0.13680483466666668,0.149243924,0.023363908,0.010929866666666673,0.0,0.24444444444444444
1.0,college_mathematics,15,0.5333333333333333,0.27960615399999994,0.24888586533333334,0.027183730666666666,0.07852039999999999,0.2,0.3511111111111111
1.0,computer_security,15,0.2,0.065219282,0.11664306533333332,0.02699147866666667,0.005575799999999982,0.0,0.2222222222222222
1.0,high_school_macroeconomics,59,0.3898305084745763,0.03812995644067797,0.14333032237288135,0.02112313033898305,0.03980950847457628,0.05084745762711865,0.14689265536723162
1.0,high_school_physics,24,0.375,0.13461818374999998,0.13169579541666668,0.019981424166666668,0.058981000000000006,0.041666666666666664,0.23611111111111108
1.0,machine_learning,18,0.16666666666666666,0.09166445888888891,0.196045925,0.020684599444444444,0.07047966666666668,0.16666666666666666,0.25925925925925924
1.0,math_reasoning,199,0.5628140703517588,0.05517109864321608,0.11265655376884422,0.018763989949748743,0.017081768844221103,0.02512562814070352,0.23115577889447236
1.0,philosophy,48,0.4375,0.029920035416666674,0.23457733270833334,0.03759797145833333,0.09705360416666665,0.10416666666666667,0.16666666666666666
1.0,professional_psychology,93,0.23655913978494625,0.03209773967741936,0.2094658368817204,0.031050332150537634,0.10013204301075268,0.15053763440860216,0.20430107526881722
