alpha,margin_quintile,n_queries,mean_margin,top1_match_rate,mean_abs_error,mean_risk,mean_regret,material_failure_rate,mean_pairwise_inversion_rate
0.1,Q1 smallest,98,0.0018964834693877563,0.17346938775510204,0.12227842336734694,0.019388805204081632,0.03197762244897959,0.061224489795918366,0.5306122448979592
0.1,Q2,97,0.005458648144329898,0.1958762886597938,0.1585321117525773,0.018585401030927835,0.09342109278350515,0.1134020618556701,0.5549828178694158
0.1,Q3,97,0.009710337525773197,0.1958762886597938,0.10309290298969072,0.016120255257731957,0.03890177319587629,0.030927835051546393,0.5601374570446734
0.1,Q4,97,0.015667041855670104,0.18556701030927836,0.099696616185567,0.015920077422680413,0.02617909278350515,0.030927835051546393,0.45532646048109965
0.1,Q5 largest,97,0.029306872474226798,0.12371134020618557,0.15484481422680413,0.01625126608247423,0.059484298969072154,0.08247422680412371,0.5584192439862543
0.3,Q1 smallest,98,0.003644983469387755,0.2755102040816326,0.12825634724489796,0.02098248091836735,0.05201345918367348,0.061224489795918366,0.3537414965986394
0.3,Q2,97,0.01153448350515463,0.17525773195876287,0.11655536051546392,0.01935258793814433,0.020250793814432993,0.030927835051546393,0.3694158075601374
0.3,Q3,97,0.020774009484536084,0.27835051546391754,0.11842455927835052,0.021064889175257735,0.03427959793814432,0.030927835051546393,0.3247422680412371
0.3,Q4,97,0.03700187886597939,0.25773195876288657,0.20884428979381445,0.020188585773195877,0.12414348453608247,0.12371134020618557,0.3178694158075601
0.3,Q5 largest,97,0.08284528412371134,0.35051546391752575,0.1483763118556701,0.01798246412371134,0.03893111340206186,0.05154639175257732,0.3281786941580756
0.5,Q1 smallest,98,0.004200021224489802,0.2653061224489796,0.15974652887755103,0.022668126224489795,0.06301570408163265,0.061224489795918366,0.3180272108843537
0.5,Q2,97,0.01385134855670103,0.30927835051546393,0.13471244103092783,0.01960939360824742,0.04279059793814433,0.041237113402061855,0.27835051546391754
0.5,Q3,97,0.02822485567010309,0.3711340206185567,0.14626699402061855,0.021532096185567007,0.06712852577319588,0.061855670103092786,0.2663230240549828
0.5,Q4,97,0.04606193453608248,0.28865979381443296,0.1700467749484536,0.02165961206185567,0.06261267010309278,0.07216494845360824,0.2542955326460481
0.5,Q5 largest,97,0.12256514195876289,0.36082474226804123,0.15758496288659796,0.02097602618556701,0.056284886597938136,0.08247422680412371,0.2955326460481099
0.7,Q1 smallest,98,0.005966652448979601,0.40816326530612246,0.13014890020408162,0.025049673265306122,0.020453979591836723,0.04081632653061224,0.20578231292517005
0.7,Q2,97,0.01837590278350515,0.35051546391752575,0.15654031309278352,0.020253097525773193,0.051532288659793805,0.05154639175257732,0.2439862542955326
0.7,Q3,97,0.03530439494845361,0.3711340206185567,0.15644004092783506,0.01996693618556701,0.07685542268041237,0.07216494845360824,0.23195876288659795
0.7,Q4,97,0.0559153212371134,0.32989690721649484,0.15401980092783507,0.019317037319587626,0.05019567010309277,0.061855670103092786,0.2542955326460481
0.7,Q5 largest,97,0.13693558185567012,0.3711340206185567,0.1698179837113402,0.019639826907216495,0.06379059793814433,0.09278350515463918,0.27835051546391754
1.0,Q1 smallest,98,0.010717990816326533,0.45918367346938777,0.15952231357142857,0.030245471836734695,0.03394295918367347,0.061224489795918366,0.141156462585034
1.0,Q2,97,0.027224250206185564,0.3402061855670103,0.16583243917525772,0.026424088144329894,0.05536484536082475,0.061855670103092786,0.20274914089347076
1.0,Q3,97,0.044717690000000004,0.4329896907216495,0.15500096288659793,0.02136478298969072,0.06261464948453609,0.07216494845360824,0.2233676975945017
1.0,Q4,97,0.06792929618556702,0.5154639175257731,0.12046425701030929,0.02097554505154639,0.03191531958762887,0.05154639175257732,0.2233676975945017
1.0,Q5 largest,97,0.15605510567010308,0.38144329896907214,0.18131172082474226,0.02116949824742268,0.06146647422680413,0.10309278350515463,0.28281786941580755
