alpha,group_type,group_name,n_queries,utility_only_accuracy,risk_aware_accuracy,accuracy_difference_risk_minus_utility,utility_only_average_cost,risk_aware_average_cost,cost_difference_risk_minus_utility,utility_only_average_latency,risk_aware_average_latency,utility_only_mean_utility,risk_aware_mean_utility,utility_difference_risk_minus_utility,utility_only_mean_regret,risk_aware_mean_regret,regret_difference_risk_minus_utility,same_decision_count,changed_decision_count,changed_decision_rate,risk_aware_better_count,utility_only_better_count,equal_utility_count
0.1,overall,overall,486,0.9403292181069959,0.9423868312757202,0.002057613168724326,0.0006405894855967075,0.0008043954732510282,0.00016380598765432068,9.738412988923562,9.15037444583332,0.9293517757201645,0.9284386358024689,-0.0009131399176955934,0.04995570781892998,0.05086884773662546,0.0009131399176954755,414,72,0.14814814814814814,28,44,414
0.1,dataset,gsm8k,199,0.9698492462311558,0.9748743718592965,0.005025125628140725,0.0004405066834170855,0.0006268381407035176,0.0001863314572864321,8.539080697496424,7.3650167192971265,0.9623604723618091,0.9639983115577891,0.0016378391959800398,0.021206492462311554,0.01956865326633166,-0.001637839195979894,158,41,0.20603015075376885,19,22,158
0.1,dataset,mmlu,287,0.9198606271777003,0.9198606271777003,0.0,0.0007793228571428571,0.0009275101393728225,0.00014818728222996545,10.570005762421824,10.388305413013468,0.906464212543554,0.9037822752613243,-0.0026819372822297627,0.06988983275261318,0.0725717700348432,0.0026819372822300264,256,31,0.10801393728222997,9,22,256
0.1,mmlu_subject,machine_learning,18,0.8888888888888888,0.8888888888888888,0.0,0.00020349722222222222,0.0004958977777777779,0.0002924005555555556,16.89763953339166,15.903687929896275,0.8857087222222222,0.8803931666666667,-0.005315555555555518,0.057157499999999986,0.06247305555555555,0.005315555555555566,16,2,0.1111111111111111,0,2,16
0.1,mmlu_subject,computer_security,15,1.0,1.0,0.0,0.00010212533333333334,0.00029416,0.0001920346666666667,9.711414732330013,9.45579221819838,0.9986626666666667,0.9951717333333334,-0.0034909333333332793,0.0006709333333333382,0.004161866666666669,0.003490933333333331,13,2,0.13333333333333333,0,2,13
0.1,mmlu_subject,college_mathematics,15,0.8,0.8,0.0,0.001842904,0.002801490666666667,0.000958586666666667,20.407068305466478,14.959672174470809,0.7718329333333336,0.7546354000000001,-0.017197533333333515,0.21064980000000003,0.22784733333333337,0.017197533333333348,12,3,0.2,0,3,12
0.1,mmlu_subject,abstract_algebra,15,0.9333333333333333,0.9333333333333333,0.0,0.0006509040000000001,0.001268208,0.0006173039999999999,10.651680258397635,10.04845986259946,0.9220196666666667,0.9107977333333334,-0.011221933333333323,0.010392999999999989,0.02161493333333332,0.01122193333333333,12,3,0.2,0,3,12
0.1,mmlu_subject,high_school_physics,24,0.9583333333333334,0.9583333333333334,0.0,0.0003069666666666667,0.00042419666666666664,0.00011722999999999996,19.665055277291685,19.561341931917315,0.9532720833333332,0.9511409583333332,-0.0021311250000000115,0.043398208333333334,0.04552933333333333,0.0021311249999999976,23,1,0.041666666666666664,0,1,23
0.1,mmlu_subject,high_school_macroeconomics,59,0.9491525423728814,0.9491525423728814,0.0,0.00034220711864406763,0.0003520657627118643,9.858644067796667e-06,12.40853050619194,13.85538568715486,0.9434507118644067,0.9432715084745763,-0.00017920338983035133,0.03830713559322032,0.03848633898305083,0.00017920338983051093,51,8,0.13559322033898305,6,2,51
0.1,mmlu_subject,philosophy,48,0.8541666666666666,0.875,0.02083333333333337,0.001207985833333333,0.0012223949999999996,1.4409166666666529e-05,5.10151009689677,4.822848237665312,0.8327259583333332,0.8532973541666666,0.02057139583333345,0.12378729166666667,0.10321589583333333,-0.02057139583333334,45,3,0.0625,1,2,45
0.1,mmlu_subject,professional_psychology,93,0.9354838709677419,0.9247311827956989,-0.010752688172043001,0.0010271287096774195,0.0010987506451612904,7.162193548387093e-05,7.192952490319693,7.094427200555001,0.9173309139784948,0.9052762150537637,-0.0120546989247311,0.069466376344086,0.0815210752688172,0.012054698924731197,84,9,0.0967741935483871,2,7,84
0.3,overall,overall,486,0.9320987654320988,0.9300411522633745,-0.002057613168724326,0.00023131604938271614,0.0002120040329218108,-1.9312016460905346e-05,12.030740975033767,12.27010648824402,0.9210397304526755,0.9200353353909467,-0.00100439506172878,0.05391975925925929,0.05492415432098768,0.0010043950617283845,457,29,0.059670781893004114,21,8,457
0.3,dataset,gsm8k,199,0.9748743718592965,0.9748743718592965,0.0,0.0002535576884422112,0.0002259031155778896,-2.7654572864321575e-05,9.885849558669914,10.015555500328405,0.9626036834170855,0.9641118844221106,0.0015082010050251338,0.018247959798994982,0.01673975879396985,-0.0015082010050251338,186,13,0.06532663316582915,13,0,186
0.3,dataset,mmlu,287,0.9024390243902439,0.8989547038327527,-0.0034843205574912606,0.0002158941463414635,0.00020236668989547044,-1.3527456445993057e-05,13.51796533690278,13.833366580910248,0.89222012543554,0.8894735470383275,-0.0027465783972124846,0.07865386411149831,0.08140044250871083,0.0027465783972125124,271,16,0.05574912891986063,8,8,271
0.3,mmlu_subject,machine_learning,18,0.8888888888888888,0.8888888888888888,0.0,0.0001974711111111111,0.00019077777777777775,-6.693333333333346e-06,17.291129402169545,16.77258508833539,0.8796770555555555,0.880042111111111,0.000365055555555438,0.060032777777777775,0.05966772222222221,-0.0003650555555555629,17,1,0.05555555555555555,1,0,17
0.3,mmlu_subject,computer_security,15,1.0,1.0,0.0,0.00010212533333333334,0.00010212533333333334,0.0,9.711414732330013,9.711414732330013,0.9959879333333334,0.9959879333333334,0.0,0.002012933333333337,0.002012933333333337,0.0,15,0,0.0,0,0,15
0.3,mmlu_subject,college_mathematics,15,0.8,0.8,0.0,0.00032312266666666666,0.00032312266666666666,0.0,26.772646687936504,26.772646687936504,0.7838918666666668,0.7838918666666668,0.0,0.1635562666666667,0.1635562666666667,0.0,15,0,0.0,0,0,15
0.3,mmlu_subject,abstract_algebra,15,0.9333333333333333,0.9333333333333333,0.0,0.000139328,0.000139328,0.0,12.192666608591875,12.192666608591875,0.9272924000000001,0.9272924000000001,0.0,0.0032789999999999803,0.0032789999999999803,0.0,15,0,0.0,0,0,15
0.3,mmlu_subject,high_school_physics,24,0.9583333333333334,0.9583333333333334,0.0,0.0003069666666666667,0.0003069666666666667,0.0,19.665055277291685,19.665055277291685,0.9431497916666668,0.9431497916666668,0.0,0.046860999999999986,0.046860999999999986,0.0,24,0,0.0,0,0,24
0.3,mmlu_subject,high_school_macroeconomics,59,0.9491525423728814,0.9491525423728814,0.0,0.0002073886440677966,0.0001825235593220339,-2.4865084745762708e-05,13.577591447157674,14.887634969969533,0.9393997966101694,0.9407558644067796,0.0013560677966102386,0.03977205084745762,0.038415983050847466,-0.0013560677966101553,57,2,0.03389830508474576,1,1,57
0.3,mmlu_subject,philosophy,48,0.8333333333333334,0.8333333333333334,0.0,0.00022405770833333342,0.00024018520833333338,1.6127499999999957e-05,10.624144275933455,10.149225112373339,0.8226715208333334,0.8217919583333333,-0.0008795625000000973,0.1302016041666667,0.1310811666666667,0.0008795624999999863,44,4,0.08333333333333333,2,2,44
0.3,mmlu_subject,professional_psychology,93,0.8924731182795699,0.8817204301075269,-0.010752688172043001,0.00021054408602150533,0.00017754430107526882,-3.299978494623651e-05,11.34695327674259,11.834668402378547,0.8825482795698927,0.8735952903225809,-0.008952989247311804,0.09934896774193547,0.10830195698924737,0.008952989247311902,84,9,0.0967741935483871,4,5,84
0.5,overall,overall,486,0.9259259259259259,0.9320987654320988,0.006172839506172867,0.00017915419753086422,0.00018590897119341557,6.754773662551351e-06,12.674966348832427,12.390635800653175,0.9122354197530864,0.9177942860082305,0.005558866255144124,0.05837604320987652,0.05281717695473249,-0.0055588662551440335,448,38,0.07818930041152264,18,20,448
0.5,dataset,gsm8k,199,0.9748743718592965,0.9748743718592965,0.0,0.0001806275879396985,0.00017796763819095477,-2.659949748743724e-06,10.52038613280595,10.567371310182992,0.9610521758793976,0.9612939547738701,0.00024177889447252188,0.017084120603015077,0.01684234170854272,-0.00024177889447235534,188,11,0.05527638190954774,7,4,188
0.5,dataset,mmlu,287,0.89198606271777,0.9024390243902439,0.010452961672473893,0.0001781325783972126,0.00019141533101045294,1.328275261324035e-05,14.168908728585977,13.654850551885113,0.8783868675958193,0.8876324947735192,0.009245627177699944,0.08700702787456445,0.07776140069686409,-0.00924562717770036,260,27,0.09407665505226481,11,16,260
0.5,mmlu_subject,machine_learning,18,0.8888888888888888,0.8888888888888888,0.0,0.0001974711111111111,0.0001974711111111111,0.0,17.291129402169545,17.291129402169545,0.8735356666666667,0.8735356666666667,0.0,0.0630176111111111,0.0630176111111111,0.0,18,0,0.0,0,0,18
0.5,mmlu_subject,computer_security,15,1.0,1.0,0.0,0.00010212533333333334,0.00010212533333333334,0.0,9.711414732330013,9.711414732330013,0.9933132666666666,0.9933132666666666,0.0,0.003354933333333343,0.003354933333333343,0.0,15,0,0.0,0,0,15
0.5,mmlu_subject,college_mathematics,15,0.8,0.8,0.0,0.00032312266666666666,0.00032312266666666666,0.0,26.772646687936504,26.772646687936504,0.7731532666666666,0.7731532666666666,0.0,0.13926033333333335,0.13926033333333335,0.0,15,0,0.0,0,0,15
0.5,mmlu_subject,abstract_algebra,15,0.9333333333333333,0.9333333333333333,0.0,0.000139328,0.000139328,0.0,12.192666608591875,12.192666608591875,0.9232649333333333,0.9232649333333333,0.0,0.005465133333333331,0.005465133333333331,0.0,15,0,0.0,0,0,15
0.5,mmlu_subject,high_school_physics,24,0.9583333333333334,0.9583333333333334,0.0,0.0003069666666666667,0.0003069666666666667,0.0,19.665055277291685,19.665055277291685,0.9330276250000001,0.9330276250000001,0.0,0.050323791666666666,0.050323791666666666,0.0,24,0,0.0,0,0,24
0.5,mmlu_subject,high_school_macroeconomics,59,0.9491525423728814,0.9491525423728814,0.0,0.00014589525423728812,0.0001769933898305085,3.1098135593220374e-05,14.618175295629475,14.83355182305302,0.9384873389830507,0.9356606610169492,-0.0028266779661014763,0.03809844067796612,0.040925118644067816,0.0028266779661016983,53,6,0.1016949152542373,1,5,53
0.5,mmlu_subject,philosophy,48,0.8333333333333334,0.8333333333333334,0.0,0.00020332479166666674,0.00021072729166666677,7.4025000000000295e-06,9.589464443728502,9.123676159622846,0.8174480833333332,0.8167752499999997,-0.0006728333333334557,0.13178481250000004,0.1324576458333334,0.0006728333333333447,45,3,0.0625,1,2,45
0.5,mmlu_subject,professional_psychology,93,0.8602150537634409,0.8924731182795699,0.032258064516129004,0.00014372387096774203,0.00016116516129032266,1.744129032258063e-05,13.229651538023013,11.747027084323383,0.8497472365591399,0.8804199784946234,0.030672741935483527,0.12724993548387098,0.09657719354838712,-0.03067274193548386,75,18,0.1935483870967742,9,9,75
0.7,overall,overall,486,0.9300411522633745,0.9300411522633745,0.0,0.000156447572016461,0.00016518446502057621,8.736893004115227e-06,12.531173783289068,12.56127918190445,0.9137639526748965,0.9126521666666663,-0.0011117860082302533,0.05249951851851852,0.053611304526748976,0.0011117860082304545,442,44,0.09053497942386832,13,31,442
0.7,dataset,gsm8k,199,0.9748743718592965,0.9748743718592965,0.0,0.00015303381909547738,0.0001605169346733669,7.483115577889513e-06,11.074912017941692,10.877013585615046,0.959034713567839,0.9580824723618088,-0.0009522412060302132,0.016386271356783912,0.017338512562814067,0.0009522412060301542,190,9,0.04522613065326633,2,7,190
0.7,dataset,mmlu,287,0.8989547038327527,0.8989547038327527,0.0,0.00015881459930313594,0.00016842083623693377,9.606236933797834e-06,13.540916261700662,13.729114908948322,0.8823741219512194,0.8811517108013937,-0.0012224111498257972,0.0775397142857143,0.07876212543554009,0.0012224111498257972,252,35,0.12195121951219512,11,24,252
0.7,mmlu_subject,machine_learning,18,0.8888888888888888,0.8888888888888888,0.0,0.0001974711111111111,0.0001974711111111111,0.0,17.291129402169545,17.291129402169545,0.8673944444444445,0.8673944444444445,0.0,0.06600255555555558,0.06600255555555558,0.0,18,0,0.0,0,0,18
0.7,mmlu_subject,computer_security,15,1.0,1.0,0.0,0.00010212533333333334,0.00010212533333333334,0.0,9.711414732330013,9.711414732330013,0.9906385999999999,0.9906385999999999,0.0,0.004696933333333334,0.004696933333333334,0.0,15,0,0.0,0,0,15
0.7,mmlu_subject,college_mathematics,15,0.8,0.8,0.0,0.00032312266666666666,0.00032312266666666666,0.0,26.772646687936504,26.772646687936504,0.7624145999999999,0.7624145999999999,0.0,0.11496433333333332,0.11496433333333332,0.0,15,0,0.0,0,0,15
0.7,mmlu_subject,abstract_algebra,15,0.9333333333333333,0.9333333333333333,0.0,0.000139328,0.000139328,0.0,12.192666608591875,12.192666608591875,0.9192377333333333,0.9192377333333333,0.0,0.0076509999999999955,0.0076509999999999955,0.0,15,0,0.0,0,0,15
0.7,mmlu_subject,high_school_physics,24,0.9583333333333334,0.9583333333333334,0.0,0.0003069666666666667,0.0003069666666666667,0.0,19.665055277291685,19.665055277291685,0.92290525,0.92290525,0.0,0.05378666666666665,0.05378666666666665,0.0,24,0,0.0,0,0,24
0.7,mmlu_subject,high_school_macroeconomics,59,0.9491525423728814,0.9491525423728814,0.0,0.00013773864406779662,0.0001728352542372881,3.509661016949149e-05,13.396865714240771,14.834009043068301,0.9352592542372881,0.9307931186440676,-0.0044661355932205105,0.03874050847457629,0.043206644067796625,0.004466135593220337,46,13,0.22033898305084745,1,12,46
0.7,mmlu_subject,philosophy,48,0.8541666666666666,0.8541666666666666,0.0,0.00011596416666666666,0.00012061499999999998,4.6508333333333194e-06,9.067938183538596,9.700702675478775,0.8430442291666669,0.8424523958333335,-0.000591833333333347,0.10254847916666665,0.1031403125,0.000591833333333347,42,6,0.125,2,4,42
0.7,mmlu_subject,professional_psychology,93,0.8709677419354839,0.8709677419354839,0.0,0.00013437215053763442,0.00013935118279569898,4.979032258064554e-06,12.335637428291438,11.678098285776658,0.8575028387096773,0.8568692688172043,-0.0006335698924729849,0.11459431182795703,0.11522788172043011,0.000633569892473082,77,16,0.17204301075268819,8,8,77
1.0,overall,overall,486,0.9320987654320988,0.9320987654320988,0.0,0.00014618261316872436,0.00014675393004115236,5.713168724280008e-07,12.329102242729098,12.343008839408387,0.9107117119341568,0.9106078518518521,-0.00010386008230467425,0.04902974279835391,0.04913360288065845,0.00010386008230453547,479,7,0.01440329218106996,1,6,479
1.0,dataset,gsm8k,199,0.9748743718592965,0.9748743718592965,0.0,0.0001419226633165829,0.0001419226633165829,0.0,11.234147568192654,11.234147568192654,0.9542662261306532,0.9542662261306532,0.0,0.017081768844221103,0.017081768844221103,0.0,199,0,0.0,0,0,199
1.0,dataset,mmlu,287,0.9024390243902439,0.9024390243902439,0.0,0.0001491363763066202,0.00015010383275261324,9.674564459930283e-07,13.088321686048792,13.111870835826267,0.8805118919860625,0.8803360174216024,-0.00017587456446011007,0.07118182229965155,0.07135769686411148,0.00017587456445992966,280,7,0.024390243902439025,1,6,280
1.0,mmlu_subject,machine_learning,18,0.8888888888888888,0.8888888888888888,0.0,0.0001974711111111111,0.0001974711111111111,0.0,17.291129402169545,17.291129402169545,0.8581825555555557,0.8581825555555557,0.0,0.07047966666666668,0.07047966666666668,0.0,18,0,0.0,0,0,18
1.0,mmlu_subject,computer_security,15,1.0,1.0,0.0,9.5888e-05,9.5888e-05,0.0,8.686693021596875,8.686693021596875,0.9877605333333332,0.9877605333333332,0.0,0.005575799999999982,0.005575799999999982,0.0,15,0,0.0,0,0,15
1.0,mmlu_subject,college_mathematics,15,0.8,0.8,0.0,0.00032312266666666666,0.00032312266666666666,0.0,26.772646687936504,26.772646687936504,0.7463065333333333,0.7463065333333333,0.0,0.07852039999999999,0.07852039999999999,0.0,15,0,0.0,0,0,15
1.0,mmlu_subject,abstract_algebra,15,0.9333333333333333,0.9333333333333333,0.0,0.000139328,0.000139328,0.0,12.192666608591875,12.192666608591875,0.9131968666666666,0.9131968666666666,0.0,0.010929866666666673,0.010929866666666673,0.0,15,0,0.0,0,0,15
1.0,mmlu_subject,high_school_physics,24,0.9583333333333334,0.9583333333333334,0.0,0.0003069666666666667,0.0003069666666666667,0.0,19.665055277291685,19.665055277291685,0.907721875,0.907721875,0.0,0.058981000000000006,0.058981000000000006,0.0,24,0,0.0,0,0,24
1.0,mmlu_subject,high_school_macroeconomics,59,0.9491525423728814,0.9491525423728814,0.0,0.00013220372881355932,0.0001358101694915254,3.6064406779660885e-06,13.385392153052559,13.375934704205898,0.9303111186440677,0.9296555084745761,-0.0006556101694915606,0.039809508474576295,0.04046511864406782,0.0006556101694915259,55,4,0.06779661016949153,0,4,55
1.0,mmlu_subject,philosophy,48,0.8541666666666666,0.8541666666666666,0.0,8.955208333333337e-05,8.955208333333337e-05,0.0,6.637530686521738,6.637530686521738,0.8430789375000002,0.8430789375000002,0.0,0.09705360416666665,0.09705360416666665,0.0,48,0,0.0,0,0,48
1.0,mmlu_subject,professional_psychology,93,0.8817204301075269,0.8817204301075269,0.0,0.00012265440860215058,0.00012335204301075272,6.976344086021458e-07,12.365881325235785,12.44455439478512,0.8646150322580644,0.8644882043010751,-0.00012682795698926164,0.10013204301075272,0.100258870967742,0.00012682795698927551,90,3,0.03225806451612903,1,2,90
